<?xml version="1.0" encoding="UTF-8"?><XcosDiagram background="-1" title="final_combined_block"><!--Xcos - 1.0 - scilab-5.5.2 - 20150331 1211--><mxGraphModel as="model"><root><mxCell id="367ef4a0:1559332651c:-7ffb"/><mxCell id="367ef4a0:1559332651c:-7ffc" parent="367ef4a0:1559332651c:-7ffb"/><BasicBlock dependsOnU="1" id="367ef4a0:1559332651c:-7ee7" interfaceFunctionName="CBLOCK4" ordering="1" parent="367ef4a0:1559332651c:-7ffc" simulationFunctionName="alignment" simulationFunctionType="DYNAMIC_EXPLICIT_4" style="CBLOCK4;flip=false;mirror=false"><Array as="exprs" binary="true" position="0"/><ScilabDouble as="realParameters" binary="true" position="1"/><ScilabDouble as="integerParameters" binary="true" position="2"/><Array as="objectsParameters" binary="true" position="3"/><ScilabDouble as="nbZerosCrossing" binary="true" position="4"/><ScilabDouble as="nmode" binary="true" position="5"/><Array as="oDState" binary="true" position="6"/><Array as="equations" binary="true" position="7"/><mxGeometry as="geometry" height="300.0" width="120.0" x="380.0" y="70.0"/></BasicBlock><ExplicitInputPort dataColumns="12" dataLines="2" dataType="REAL_MATRIX" id="-7d316502:155fb01f010:-7dff" ordering="1" parent="367ef4a0:1559332651c:-7ee7" style="ExplicitInputPort;align=left;verticalAlign=middle;spacing=10.0;rotation=0;flip=false;mirror=false" value=""><mxGeometry as="geometry" height="8.0" width="8.0" x="-8.0" y="76.0"/></ExplicitInputPort><ExplicitInputPort dataColumns="1" dataLines="1" dataType="REAL_MATRIX" id="-7d316502:155fb01f010:-7dfe" ordering="2" parent="367ef4a0:1559332651c:-7ee7" style="ExplicitInputPort;align=left;verticalAlign=middle;spacing=10.0;rotation=0;flip=false;mirror=false" value=""><mxGeometry as="geometry" height="8.0" width="8.0" x="-8.0" y="146.0"/></ExplicitInputPort><ExplicitInputPort dataColumns="1" dataLines="1" dataType="REAL_MATRIX" id="-7d316502:155fb01f010:-7dfd" ordering="3" parent="367ef4a0:1559332651c:-7ee7" style="ExplicitInputPort;align=left;verticalAlign=middle;spacing=10.0;rotation=0;flip=false;mirror=false" value=""><mxGeometry as="geometry" height="8.0" width="8.0" x="-8.0" y="216.0"/></ExplicitInputPort><ExplicitOutputPort dataColumns="12" dataLines="1" dataType="REAL_MATRIX" id="-7d316502:155fb01f010:-7dfc" ordering="1" parent="367ef4a0:1559332651c:-7ee7" style="ExplicitOutputPort;align=right;verticalAlign=middle;spacing=10.0;rotation=0;flip=false;mirror=false" value=""><mxGeometry as="geometry" height="8.0" width="8.0" x="120.0" y="56.0"/></ExplicitOutputPort><ExplicitOutputPort dataColumns="1" dataLines="1" dataType="REAL_MATRIX" id="-7d316502:155fb01f010:-7dfb" ordering="2" parent="367ef4a0:1559332651c:-7ee7" style="ExplicitOutputPort;align=right;verticalAlign=middle;spacing=10.0;rotation=0;flip=false;mirror=false" value=""><mxGeometry as="geometry" height="8.0" width="8.0" x="120.0" y="116.0"/></ExplicitOutputPort><ExplicitOutputPort dataColumns="2" dataLines="1" dataType="REAL_MATRIX" id="-7d316502:155fb01f010:-7dfa" ordering="3" parent="367ef4a0:1559332651c:-7ee7" style="ExplicitOutputPort;align=right;verticalAlign=middle;spacing=10.0;rotation=0;flip=false;mirror=false" value=""><mxGeometry as="geometry" height="8.0" width="8.0" x="120.0" y="176.0"/></ExplicitOutputPort><ExplicitOutputPort dataColumns="2" dataLines="1" dataType="REAL_MATRIX" id="-7d316502:155fb01f010:-7df9" ordering="4" parent="367ef4a0:1559332651c:-7ee7" style="ExplicitOutputPort;align=right;verticalAlign=middle;spacing=10.0;rotation=0;flip=false;mirror=false" value=""><mxGeometry as="geometry" height="8.0" width="8.0" x="120.0" y="236.0"/></ExplicitOutputPort><BasicBlock dependsOnU="1" id="367ef4a0:1559332651c:-7ed8" interfaceFunctionName="CBLOCK4" ordering="2" parent="367ef4a0:1559332651c:-7ffc" simulationFunctionName="separation" simulationFunctionType="DYNAMIC_EXPLICIT_4" style="CBLOCK4;flip=false;mirror=false"><Array as="exprs" binary="true" position="8"/><ScilabDouble as="realParameters" binary="true" position="9"/><ScilabDouble as="integerParameters" binary="true" position="10"/><Array as="objectsParameters" binary="true" position="11"/><ScilabDouble as="nbZerosCrossing" binary="true" position="12"/><ScilabDouble as="nmode" binary="true" position="13"/><Array as="oDState" binary="true" position="14"/><Array as="equations" binary="true" position="15"/><mxGeometry as="geometry" height="300.0" width="120.0" x="380.0" y="420.0"/></BasicBlock><ExplicitInputPort dataColumns="5" dataLines="2" dataType="REAL_MATRIX" id="-1bba7e2d:155fb0efe33:-7ea1" ordering="1" parent="367ef4a0:1559332651c:-7ed8" style="ExplicitInputPort;align=left;verticalAlign=middle;spacing=10.0;rotation=0;flip=false;mirror=false" value=""><mxGeometry as="geometry" height="8.0" width="8.0" x="-8.0" y="56.0"/></ExplicitInputPort><ExplicitInputPort dataColumns="1" dataLines="1" dataType="REAL_MATRIX" id="-1bba7e2d:155fb0efe33:-7ea0" ordering="2" parent="367ef4a0:1559332651c:-7ed8" style="ExplicitInputPort;align=left;verticalAlign=middle;spacing=10.0;rotation=0;flip=false;mirror=false" value=""><mxGeometry as="geometry" height="8.0" width="8.0" x="-8.0" y="116.0"/></ExplicitInputPort><ExplicitInputPort dataColumns="1" dataLines="1" dataType="REAL_MATRIX" id="-1bba7e2d:155fb0efe33:-7e9f" ordering="3" parent="367ef4a0:1559332651c:-7ed8" style="ExplicitInputPort;align=left;verticalAlign=middle;spacing=10.0;rotation=0;flip=false;mirror=false" value=""><mxGeometry as="geometry" height="8.0" width="8.0" x="-8.0" y="176.0"/></ExplicitInputPort><ExplicitInputPort dataColumns="5" dataLines="2" dataType="REAL_MATRIX" id="-1bba7e2d:155fb0efe33:-7e9e" ordering="4" parent="367ef4a0:1559332651c:-7ed8" style="ExplicitInputPort;align=left;verticalAlign=middle;spacing=10.0;rotation=0;flip=false;mirror=false" value=""><mxGeometry as="geometry" height="8.0" width="8.0" x="-8.0" y="236.0"/></ExplicitInputPort><ExplicitOutputPort dataColumns="5" dataLines="1" dataType="REAL_MATRIX" id="-1bba7e2d:155fb0efe33:-7e9d" ordering="1" parent="367ef4a0:1559332651c:-7ed8" style="ExplicitOutputPort;align=right;verticalAlign=middle;spacing=10.0;rotation=0;flip=false;mirror=false" value=""><mxGeometry as="geometry" height="8.0" width="8.0" x="120.0" y="46.0"/></ExplicitOutputPort><ExplicitOutputPort dataColumns="1" dataLines="1" dataType="REAL_MATRIX" id="-1bba7e2d:155fb0efe33:-7e9c" ordering="2" parent="367ef4a0:1559332651c:-7ed8" style="ExplicitOutputPort;align=right;verticalAlign=middle;spacing=10.0;rotation=0;flip=false;mirror=false" value=""><mxGeometry as="geometry" height="8.0" width="8.0" x="120.0" y="96.0"/></ExplicitOutputPort><ExplicitOutputPort dataColumns="2" dataLines="1" dataType="REAL_MATRIX" id="-1bba7e2d:155fb0efe33:-7e9b" ordering="3" parent="367ef4a0:1559332651c:-7ed8" style="ExplicitOutputPort;align=right;verticalAlign=middle;spacing=10.0;rotation=0;flip=false;mirror=false" value=""><mxGeometry as="geometry" height="8.0" width="8.0" x="120.0" y="146.0"/></ExplicitOutputPort><ExplicitOutputPort dataColumns="2" dataLines="1" dataType="REAL_MATRIX" id="-1bba7e2d:155fb0efe33:-7e9a" ordering="4" parent="367ef4a0:1559332651c:-7ed8" style="ExplicitOutputPort;align=right;verticalAlign=middle;spacing=10.0;rotation=0;flip=false;mirror=false" value=""><mxGeometry as="geometry" height="8.0" width="8.0" x="120.0" y="196.0"/></ExplicitOutputPort><ExplicitOutputPort dataColumns="2" dataLines="1" dataType="REAL_MATRIX" id="-1bba7e2d:155fb0efe33:-7e99" ordering="5" parent="367ef4a0:1559332651c:-7ed8" style="ExplicitOutputPort;align=right;verticalAlign=middle;spacing=10.0;rotation=0;flip=false;mirror=false" value=""><mxGeometry as="geometry" height="8.0" width="8.0" x="120.0" y="246.0"/></ExplicitOutputPort><BasicBlock dependsOnU="1" id="367ef4a0:1559332651c:-7eb9" interfaceFunctionName="CBLOCK4" ordering="3" parent="367ef4a0:1559332651c:-7ffc" simulationFunctionName="cohesion" simulationFunctionType="DYNAMIC_EXPLICIT_4" style="CBLOCK4;flip=false;mirror=false"><Array as="exprs" binary="true" position="16"/><ScilabDouble as="realParameters" binary="true" position="17"/><ScilabDouble as="integerParameters" binary="true" position="18"/><Array as="objectsParameters" binary="true" position="19"/><ScilabDouble as="nbZerosCrossing" binary="true" position="20"/><ScilabDouble as="nmode" binary="true" position="21"/><Array as="oDState" binary="true" position="22"/><Array as="equations" binary="true" position="23"/><mxGeometry as="geometry" height="300.0" width="120.0" x="380.0" y="750.0"/></BasicBlock><ExplicitInputPort dataColumns="2" dataLines="2" dataType="REAL_MATRIX" id="20195050:155f9fdb690:-7b44" ordering="1" parent="367ef4a0:1559332651c:-7eb9" style="ExplicitInputPort;align=left;verticalAlign=middle;spacing=10.0;rotation=0;flip=false;mirror=false" value=""><mxGeometry as="geometry" height="8.0" width="8.0" x="-8.0" y="56.0"/></ExplicitInputPort><ExplicitInputPort dataColumns="1" dataLines="1" dataType="REAL_MATRIX" id="20195050:155f9fdb690:-7b43" ordering="2" parent="367ef4a0:1559332651c:-7eb9" style="ExplicitInputPort;align=left;verticalAlign=middle;spacing=10.0;rotation=0;flip=false;mirror=false" value=""><mxGeometry as="geometry" height="8.0" width="8.0" x="-8.0" y="116.0"/></ExplicitInputPort><ExplicitInputPort dataColumns="1" dataLines="1" dataType="REAL_MATRIX" id="20195050:155f9fdb690:-7b42" ordering="3" parent="367ef4a0:1559332651c:-7eb9" style="ExplicitInputPort;align=left;verticalAlign=middle;spacing=10.0;rotation=0;flip=false;mirror=false" value=""><mxGeometry as="geometry" height="8.0" width="8.0" x="-8.0" y="176.0"/></ExplicitInputPort><ExplicitInputPort dataColumns="2" dataLines="2" dataType="REAL_MATRIX" id="20195050:155f9fdb690:-7b41" ordering="4" parent="367ef4a0:1559332651c:-7eb9" style="ExplicitInputPort;align=left;verticalAlign=middle;spacing=10.0;rotation=0;flip=false;mirror=false" value=""><mxGeometry as="geometry" height="8.0" width="8.0" x="-8.0" y="236.0"/></ExplicitInputPort><ExplicitOutputPort dataColumns="2" dataLines="1" dataType="REAL_MATRIX" id="20195050:155f9fdb690:-7b40" ordering="1" parent="367ef4a0:1559332651c:-7eb9" style="ExplicitOutputPort;align=right;verticalAlign=middle;spacing=10.0;rotation=0;flip=false;mirror=false" value=""><mxGeometry as="geometry" height="8.0" width="8.0" x="120.0" y="46.0"/></ExplicitOutputPort><ExplicitOutputPort dataColumns="1" dataLines="1" dataType="REAL_MATRIX" id="20195050:155f9fdb690:-7b3f" ordering="2" parent="367ef4a0:1559332651c:-7eb9" style="ExplicitOutputPort;align=right;verticalAlign=middle;spacing=10.0;rotation=0;flip=false;mirror=false" value=""><mxGeometry as="geometry" height="8.0" width="8.0" x="120.0" y="96.0"/></ExplicitOutputPort><ExplicitOutputPort dataColumns="2" dataLines="1" dataType="REAL_MATRIX" id="20195050:155f9fdb690:-7b3e" ordering="3" parent="367ef4a0:1559332651c:-7eb9" style="ExplicitOutputPort;align=right;verticalAlign=middle;spacing=10.0;rotation=0;flip=false;mirror=false" value=""><mxGeometry as="geometry" height="8.0" width="8.0" x="120.0" y="146.0"/></ExplicitOutputPort><ExplicitOutputPort dataColumns="2" dataLines="1" dataType="REAL_MATRIX" id="20195050:155f9fdb690:-7b3d" ordering="4" parent="367ef4a0:1559332651c:-7eb9" style="ExplicitOutputPort;align=right;verticalAlign=middle;spacing=10.0;rotation=0;flip=false;mirror=false" value=""><mxGeometry as="geometry" height="8.0" width="8.0" x="120.0" y="196.0"/></ExplicitOutputPort><ExplicitOutputPort dataColumns="2" dataLines="1" dataType="REAL_MATRIX" id="20195050:155f9fdb690:-7b3c" ordering="5" parent="367ef4a0:1559332651c:-7eb9" style="ExplicitOutputPort;align=right;verticalAlign=middle;spacing=10.0;rotation=0;flip=false;mirror=false" value=""><mxGeometry as="geometry" height="8.0" width="8.0" x="120.0" y="246.0"/></ExplicitOutputPort><BasicBlock blockType="d" id="367ef4a0:1559332651c:-7ea4" interfaceFunctionName="CONST_m" ordering="4" parent="367ef4a0:1559332651c:-7ffc" simulationFunctionName="cstblk4_m" simulationFunctionType="C_OR_FORTRAN" style="CONST_m;flip=false;mirror=false"><ScilabString as="exprs" binary="true" position="24"/><ScilabDouble as="realParameters" binary="true" position="25"/><ScilabDouble as="integerParameters" binary="true" position="26"/><Array as="objectsParameters" binary="true" position="27"/><ScilabDouble as="nbZerosCrossing" binary="true" position="28"/><ScilabDouble as="nmode" binary="true" position="29"/><Array as="oDState" binary="true" position="30"/><Array as="equations" binary="true" position="31"/><mxGeometry as="geometry" height="40.0" width="90.0" x="150.0" y="270.0"/></BasicBlock><ExplicitOutputPort dataColumns="1" dataLines="1" dataType="REAL_MATRIX" id="-31133de6:155f38606c1:-7b08" ordering="1" parent="367ef4a0:1559332651c:-7ea4" style="ExplicitOutputPort;align=right;verticalAlign=middle;spacing=10.0;rotation=0;flip=false;mirror=false" value=""><mxGeometry as="geometry" height="8.0" width="8.0" x="90.0" y="16.0"/></ExplicitOutputPort><BasicBlock blockType="d" id="367ef4a0:1559332651c:-7e9c" interfaceFunctionName="CONST_m" ordering="5" parent="367ef4a0:1559332651c:-7ffc" simulationFunctionName="cstblk4_m" simulationFunctionType="C_OR_FORTRAN" style="CONST_m;flip=false;mirror=false"><ScilabString as="exprs" binary="true" position="32"/><ScilabDouble as="realParameters" binary="true" position="33"/><ScilabDouble as="integerParameters" binary="true" position="34"/><Array as="objectsParameters" binary="true" position="35"/><ScilabDouble as="nbZerosCrossing" binary="true" position="36"/><ScilabDouble as="nmode" binary="true" position="37"/><Array as="oDState" binary="true" position="38"/><Array as="equations" binary="true" position="39"/><mxGeometry as="geometry" height="40.0" width="90.0" x="150.0" y="130.0"/></BasicBlock><ExplicitOutputPort dataColumns="6" dataLines="2" dataType="REAL_MATRIX" id="-31133de6:155f38606c1:-6f95" ordering="1" parent="367ef4a0:1559332651c:-7e9c" style="ExplicitOutputPort;align=right;verticalAlign=middle;spacing=10.0;rotation=0;flip=false;mirror=false" value=""><mxGeometry as="geometry" height="8.0" width="8.0" x="90.0" y="16.0"/></ExplicitOutputPort><BasicBlock blockType="d" id="367ef4a0:1559332651c:-7e95" interfaceFunctionName="CONST_m" ordering="6" parent="367ef4a0:1559332651c:-7ffc" simulationFunctionName="cstblk4_m" simulationFunctionType="C_OR_FORTRAN" style="CONST_m;flip=false;mirror=false"><ScilabString as="exprs" binary="true" position="40"/><ScilabDouble as="realParameters" binary="true" position="41"/><ScilabDouble as="integerParameters" binary="true" position="42"/><Array as="objectsParameters" binary="true" position="43"/><ScilabDouble as="nbZerosCrossing" binary="true" position="44"/><ScilabDouble as="nmode" binary="true" position="45"/><Array as="oDState" binary="true" position="46"/><Array as="equations" binary="true" position="47"/><mxGeometry as="geometry" height="40.0" width="80.0" x="150.0" y="460.0"/></BasicBlock><ExplicitOutputPort dataColumns="6" dataLines="2" dataType="REAL_MATRIX" id="-27356e1b:155f36cc7da:-787c" ordering="1" parent="367ef4a0:1559332651c:-7e95" style="ExplicitOutputPort;align=right;verticalAlign=middle;spacing=10.0;rotation=0;flip=false;mirror=false" value=""><mxGeometry as="geometry" height="8.0" width="8.0" x="80.0" y="16.0"/></ExplicitOutputPort><SplitBlock id="367ef4a0:1559332651c:-7e8f" ordering="7" parent="367ef4a0:1559332651c:-7ffc" simulationFunctionType="DEFAULT" style="SPLIT_f;flip=false;mirror=false"><mxGeometry as="geometry" height="7.0" width="7.0" x="287.0" y="477.0"/></SplitBlock><ExplicitInputPort dataType="UNKNOW_TYPE" id="367ef4a0:1559332651c:-7e8e" ordering="1" parent="367ef4a0:1559332651c:-7e8f" style="ExplicitInputPort;align=left;verticalAlign=middle;spacing=10.0;rotation=0;flip=false;mirror=false" visible="0"><mxGeometry as="geometry" height="8.0" width="8.0" x="-8.0" y="-4.0"/></ExplicitInputPort><ExplicitOutputPort dataType="UNKNOW_TYPE" id="367ef4a0:1559332651c:-7e8d" ordering="1" parent="367ef4a0:1559332651c:-7e8f" style="ExplicitOutputPort;align=right;verticalAlign=middle;spacing=10.0;rotation=0;flip=false;mirror=false" visible="0"><mxGeometry as="geometry" height="8.0" width="8.0" x="7.0" y="-4.0"/></ExplicitOutputPort><ExplicitOutputPort dataType="UNKNOW_TYPE" id="367ef4a0:1559332651c:-7e8c" ordering="2" parent="367ef4a0:1559332651c:-7e8f" style="ExplicitOutputPort;align=right;verticalAlign=middle;spacing=10.0;rotation=0;flip=false;mirror=false" visible="0"><mxGeometry as="geometry" height="8.0" width="8.0" x="7.0" y="-4.0"/></ExplicitOutputPort><ExplicitLink id="367ef4a0:1559332651c:-7e8a" parent="367ef4a0:1559332651c:-7ffc" source="367ef4a0:1559332651c:-7e8d" target="-1bba7e2d:155fb0efe33:-7ea1"><mxGeometry as="geometry" x="150.0" y="60.0"><Array as="points" binary="true" position="48"/></mxGeometry></ExplicitLink><ExplicitLink id="367ef4a0:1559332651c:-7e90" parent="367ef4a0:1559332651c:-7ffc" source="367ef4a0:1559332651c:-7e8c" target="20195050:155f9fdb690:-7b44"><mxGeometry as="geometry" x="150.0" y="60.0"><mxPoint as="sourcePoint" x="380.0" y="830.0"/><mxPoint as="targetPoint" x="310.0" y="480.0"/><Array as="points" binary="true" position="49"/></mxGeometry></ExplicitLink><SplitBlock id="367ef4a0:1559332651c:-7e79" ordering="8" parent="367ef4a0:1559332651c:-7ffc" simulationFunctionType="DEFAULT" style="SPLIT_f;flip=false;mirror=false"><mxGeometry as="geometry" height="7.0" width="7.0" x="337.0" y="287.0"/></SplitBlock><ExplicitInputPort dataType="UNKNOW_TYPE" id="367ef4a0:1559332651c:-7e78" ordering="1" parent="367ef4a0:1559332651c:-7e79" style="ExplicitInputPort;align=left;verticalAlign=middle;spacing=10.0;rotation=0;flip=false;mirror=false" visible="0"><mxGeometry as="geometry" height="8.0" width="8.0" x="-8.0" y="-4.0"/></ExplicitInputPort><ExplicitOutputPort dataType="UNKNOW_TYPE" id="367ef4a0:1559332651c:-7e77" ordering="1" parent="367ef4a0:1559332651c:-7e79" style="ExplicitOutputPort;align=right;verticalAlign=middle;spacing=10.0;rotation=0;flip=false;mirror=false" visible="0"><mxGeometry as="geometry" height="8.0" width="8.0" x="7.0" y="-4.0"/></ExplicitOutputPort><ExplicitOutputPort dataType="UNKNOW_TYPE" id="367ef4a0:1559332651c:-7e76" ordering="2" parent="367ef4a0:1559332651c:-7e79" style="ExplicitOutputPort;align=right;verticalAlign=middle;spacing=10.0;rotation=0;flip=false;mirror=false" visible="0"><mxGeometry as="geometry" height="8.0" width="8.0" x="7.0" y="-4.0"/></ExplicitOutputPort><ExplicitLink id="367ef4a0:1559332651c:-7e75" parent="367ef4a0:1559332651c:-7ffc" source="-31133de6:155f38606c1:-7b08" target="367ef4a0:1559332651c:-7e78"><mxGeometry as="geometry" x="150.0" y="60.0"><Array as="points" binary="true" position="50"/></mxGeometry></ExplicitLink><ExplicitLink id="367ef4a0:1559332651c:-7e74" parent="367ef4a0:1559332651c:-7ffc" source="367ef4a0:1559332651c:-7e77" target="-7d316502:155fb01f010:-7dfd"><mxGeometry as="geometry" x="150.0" y="60.0"><Array as="points" binary="true" position="51"/></mxGeometry></ExplicitLink><SplitBlock id="367ef4a0:1559332651c:-7e6d" ordering="9" parent="367ef4a0:1559332651c:-7ffc" simulationFunctionType="DEFAULT" style="SPLIT_f;flip=false;mirror=false"><mxGeometry as="geometry" height="7.0" width="7.0" x="337.0" y="597.0"/></SplitBlock><ExplicitInputPort dataType="UNKNOW_TYPE" id="367ef4a0:1559332651c:-7e6c" ordering="1" parent="367ef4a0:1559332651c:-7e6d" style="ExplicitInputPort;align=left;verticalAlign=middle;spacing=10.0;rotation=0;flip=false;mirror=false" visible="0"><mxGeometry as="geometry" height="8.0" width="8.0" x="-8.0" y="-4.0"/></ExplicitInputPort><ExplicitOutputPort dataType="UNKNOW_TYPE" id="367ef4a0:1559332651c:-7e6b" ordering="1" parent="367ef4a0:1559332651c:-7e6d" style="ExplicitOutputPort;align=right;verticalAlign=middle;spacing=10.0;rotation=0;flip=false;mirror=false" visible="0"><mxGeometry as="geometry" height="8.0" width="8.0" x="7.0" y="-4.0"/></ExplicitOutputPort><ExplicitOutputPort dataType="UNKNOW_TYPE" id="367ef4a0:1559332651c:-7e6a" ordering="2" parent="367ef4a0:1559332651c:-7e6d" style="ExplicitOutputPort;align=right;verticalAlign=middle;spacing=10.0;rotation=0;flip=false;mirror=false" visible="0"><mxGeometry as="geometry" height="8.0" width="8.0" x="7.0" y="-4.0"/></ExplicitOutputPort><ExplicitLink id="367ef4a0:1559332651c:-7e69" parent="367ef4a0:1559332651c:-7ffc" source="367ef4a0:1559332651c:-7e76" target="367ef4a0:1559332651c:-7e6c"><mxGeometry as="geometry" x="150.0" y="60.0"><Array as="points" binary="true" position="52"/></mxGeometry></ExplicitLink><ExplicitLink id="367ef4a0:1559332651c:-7e68" parent="367ef4a0:1559332651c:-7ffc" source="367ef4a0:1559332651c:-7e6b" target="-1bba7e2d:155fb0efe33:-7e9f"><mxGeometry as="geometry" x="150.0" y="60.0"><Array as="points" binary="true" position="53"/></mxGeometry></ExplicitLink><ExplicitLink id="367ef4a0:1559332651c:-7e6e" parent="367ef4a0:1559332651c:-7ffc" source="367ef4a0:1559332651c:-7e6a" target="20195050:155f9fdb690:-7b42"><mxGeometry as="geometry" x="150.0" y="60.0"><mxPoint as="sourcePoint" x="380.0" y="970.0"/><mxPoint as="targetPoint" x="340.0" y="620.0"/><Array as="points" binary="true" position="54"/></mxGeometry></ExplicitLink><BasicBlock blockType="h" id="367ef4a0:1559332651c:-7e35" interfaceFunctionName="CLOCK_c" ordering="10" parent="367ef4a0:1559332651c:-7ffc" simulationFunctionName="csuper" simulationFunctionType="DEFAULT" style="CLOCK_c;flip=false;mirror=false"><ScilabDouble as="exprs" binary="true" position="55"/><Array as="realParameters" binary="true" position="56"/><ScilabDouble as="integerParameters" binary="true" position="57"/><Array as="objectsParameters" binary="true" position="58"/><ScilabDouble as="nbZerosCrossing" binary="true" position="59"/><ScilabDouble as="nmode" binary="true" position="60"/><Array as="oDState" binary="true" position="61"/><Array as="equations" binary="true" position="62"/><mxGeometry as="geometry" height="40.0" width="40.0" x="1400.0" y="380.0"/></BasicBlock><CommandPort dataType="UNKNOW_TYPE" id="367ef4a0:1559332651c:-7e34" ordering="1" parent="367ef4a0:1559332651c:-7e35" style="CommandPort;align=center;verticalAlign=bottom;spacing=10.0;rotation=90;flip=false;mirror=false"><mxGeometry as="geometry" height="8.0" width="8.0" x="16.0" y="40.0"/></CommandPort><TextBlock id="-3cbee095:155983aeeff:-7e15" parent="367ef4a0:1559332651c:-7ffc" simulationFunctionType="DEFAULT" style="TEXT_f;flip=false;mirror=false" value="Position &lt;br&gt;Matrix"><ScilabString as="exprs" binary="true" position="63"/><ScilabString as="realParameters" binary="true" position="64"/><mxGeometry as="geometry" height="40.0" width="40.0" x="110.0" y="460.0"/></TextBlock><TextBlock id="-3cbee095:155983aeeff:-7e13" parent="367ef4a0:1559332651c:-7ffc" simulationFunctionType="DEFAULT" style="TEXT_f;flip=false;mirror=false" value="Agent &lt;br&gt;Number"><ScilabString as="exprs" binary="true" position="65"/><ScilabString as="realParameters" binary="true" position="66"/><mxGeometry as="geometry" height="40.0" width="40.0" x="330.0" y="180.0"/></TextBlock><Summation dependsOnU="1" id="-3cbee095:155983aeeff:-7e06" interfaceFunctionName="SUMMATION" ordering="11" parent="367ef4a0:1559332651c:-7ffc" simulationFunctionName="summation" simulationFunctionType="C_OR_FORTRAN" style="SUMMATION;flip=false;mirror=false" value="+"><ScilabString as="exprs" binary="true" position="67"/><ScilabDouble as="realParameters" binary="true" position="68"/><ScilabDouble as="integerParameters" binary="true" position="69"/><Array as="objectsParameters" binary="true" position="70"/><ScilabDouble as="nbZerosCrossing" binary="true" position="71"/><ScilabDouble as="nmode" binary="true" position="72"/><Array as="oDState" binary="true" position="73"/><Array as="equations" binary="true" position="74"/><mxGeometry as="geometry" height="370.0" width="50.0" x="1120.0" y="490.0"/></Summation><ExplicitInputPort dataType="REAL_MATRIX" id="-6244ac35:15598926694:-7ce4" ordering="1" parent="-3cbee095:155983aeeff:-7e06" style="ExplicitInputPort;align=left;verticalAlign=middle;spacing=10.0;rotation=0;flip=false;mirror=false" value=""><mxGeometry as="geometry" height="8.0" width="8.0" x="-8.0" y="86.0"/></ExplicitInputPort><ExplicitInputPort dataType="REAL_MATRIX" id="-6244ac35:15598926694:-7ce3" ordering="2" parent="-3cbee095:155983aeeff:-7e06" style="ExplicitInputPort;align=left;verticalAlign=middle;spacing=10.0;rotation=0;flip=false;mirror=false" value=""><mxGeometry as="geometry" height="8.0" width="8.0" x="-8.0" y="176.0"/></ExplicitInputPort><ExplicitInputPort dataType="REAL_MATRIX" id="-6244ac35:15598926694:-7ce2" ordering="3" parent="-3cbee095:155983aeeff:-7e06" style="ExplicitInputPort;align=left;verticalAlign=middle;spacing=10.0;rotation=0;flip=false;mirror=false" value=""><mxGeometry as="geometry" height="8.0" width="8.0" x="-8.0" y="276.0"/></ExplicitInputPort><ExplicitOutputPort dataType="REAL_MATRIX" id="-6244ac35:15598926694:-7ce1" ordering="1" parent="-3cbee095:155983aeeff:-7e06" style="ExplicitOutputPort;align=right;verticalAlign=middle;spacing=10.0;rotation=0;flip=false;mirror=false" value=""><mxGeometry as="geometry" height="8.0" width="8.0" x="50.0" y="176.0"/></ExplicitOutputPort><BasicBlock blockType="d" id="1d51248d:155bc265329:-7d8a" interfaceFunctionName="CONST_m" ordering="12" parent="367ef4a0:1559332651c:-7ffc" simulationFunctionName="cstblk4_m" simulationFunctionType="C_OR_FORTRAN" style="CONST_m;flip=false;mirror=false"><ScilabString as="exprs" binary="true" position="75"/><ScilabDouble as="realParameters" binary="true" position="76"/><ScilabDouble as="integerParameters" binary="true" position="77"/><Array as="objectsParameters" binary="true" position="78"/><ScilabDouble as="nbZerosCrossing" binary="true" position="79"/><ScilabDouble as="nmode" binary="true" position="80"/><Array as="oDState" binary="true" position="81"/><Array as="equations" binary="true" position="82"/><mxGeometry as="geometry" height="50.0" width="90.0" x="150.0" y="200.0"/></BasicBlock><ExplicitOutputPort dataColumns="1" dataLines="1" dataType="REAL_MATRIX" id="-31133de6:155f38606c1:-7dfa" ordering="1" parent="1d51248d:155bc265329:-7d8a" style="ExplicitOutputPort;align=right;verticalAlign=middle;spacing=10.0;rotation=0;flip=false;mirror=false" value=""><mxGeometry as="geometry" height="8.0" width="8.0" x="90.0" y="16.0"/></ExplicitOutputPort><SplitBlock id="1d51248d:155bc265329:-7d27" ordering="13" parent="367ef4a0:1559332651c:-7ffc" simulationFunctionType="DEFAULT" style="SPLIT_f;flip=false;mirror=false"><mxGeometry as="geometry" height="7.0" width="7.0" x="257.0" y="217.0"/></SplitBlock><ExplicitInputPort dataType="UNKNOW_TYPE" id="1d51248d:155bc265329:-7d26" ordering="1" parent="1d51248d:155bc265329:-7d27" style="ExplicitInputPort;align=left;verticalAlign=middle;spacing=10.0;rotation=0;flip=false;mirror=false" visible="0"><mxGeometry as="geometry" height="8.0" width="8.0" x="-8.0" y="-4.0"/></ExplicitInputPort><ExplicitOutputPort dataType="UNKNOW_TYPE" id="1d51248d:155bc265329:-7d25" ordering="1" parent="1d51248d:155bc265329:-7d27" style="ExplicitOutputPort;align=right;verticalAlign=middle;spacing=10.0;rotation=0;flip=false;mirror=false" visible="0"><mxGeometry as="geometry" height="8.0" width="8.0" x="7.0" y="-4.0"/></ExplicitOutputPort><ExplicitOutputPort dataType="UNKNOW_TYPE" id="1d51248d:155bc265329:-7d24" ordering="2" parent="1d51248d:155bc265329:-7d27" style="ExplicitOutputPort;align=right;verticalAlign=middle;spacing=10.0;rotation=0;flip=false;mirror=false" visible="0"><mxGeometry as="geometry" height="8.0" width="8.0" x="7.0" y="-4.0"/></ExplicitOutputPort><ExplicitLink id="1d51248d:155bc265329:-7d23" parent="367ef4a0:1559332651c:-7ffc" source="-31133de6:155f38606c1:-7dfa" target="1d51248d:155bc265329:-7d26"><mxGeometry as="geometry"><Array as="points" binary="true" position="83"/></mxGeometry></ExplicitLink><SplitBlock id="1d51248d:155bc265329:-7d20" ordering="14" parent="367ef4a0:1559332651c:-7ffc" simulationFunctionType="DEFAULT" style="SPLIT_f;flip=false;mirror=false"><mxGeometry as="geometry" height="7.0" width="7.0" x="257.0" y="537.0"/></SplitBlock><ExplicitInputPort dataType="UNKNOW_TYPE" id="1d51248d:155bc265329:-7d1f" ordering="1" parent="1d51248d:155bc265329:-7d20" style="ExplicitInputPort;align=left;verticalAlign=middle;spacing=10.0;rotation=0;flip=false;mirror=false" visible="0"><mxGeometry as="geometry" height="8.0" width="8.0" x="-8.0" y="-4.0"/></ExplicitInputPort><ExplicitOutputPort dataType="UNKNOW_TYPE" id="1d51248d:155bc265329:-7d1e" ordering="1" parent="1d51248d:155bc265329:-7d20" style="ExplicitOutputPort;align=right;verticalAlign=middle;spacing=10.0;rotation=0;flip=false;mirror=false" visible="0"><mxGeometry as="geometry" height="8.0" width="8.0" x="7.0" y="-4.0"/></ExplicitOutputPort><ExplicitOutputPort dataType="UNKNOW_TYPE" id="1d51248d:155bc265329:-7d1d" ordering="2" parent="1d51248d:155bc265329:-7d20" style="ExplicitOutputPort;align=right;verticalAlign=middle;spacing=10.0;rotation=0;flip=false;mirror=false" visible="0"><mxGeometry as="geometry" height="8.0" width="8.0" x="7.0" y="-4.0"/></ExplicitOutputPort><ExplicitLink id="1d51248d:155bc265329:-7d1c" parent="367ef4a0:1559332651c:-7ffc" source="1d51248d:155bc265329:-7d24" target="1d51248d:155bc265329:-7d1f"><mxGeometry as="geometry"><Array as="points" binary="true" position="84"/></mxGeometry></ExplicitLink><ExplicitLink id="1d51248d:155bc265329:-7d1b" parent="367ef4a0:1559332651c:-7ffc" source="1d51248d:155bc265329:-7d1e" target="-1bba7e2d:155fb0efe33:-7ea0"><mxGeometry as="geometry"><Array as="points" binary="true" position="85"/></mxGeometry></ExplicitLink><ExplicitLink id="1d51248d:155bc265329:-7d21" parent="367ef4a0:1559332651c:-7ffc" source="1d51248d:155bc265329:-7d1d" target="20195050:155f9fdb690:-7b43"><mxGeometry as="geometry"><mxPoint as="sourcePoint" x="380.0" y="900.0"/><mxPoint as="targetPoint" x="260.0" y="550.0"/><Array as="points" binary="true" position="86"/></mxGeometry></ExplicitLink><TextBlock id="1d51248d:155bc265329:-7ab2" parent="367ef4a0:1559332651c:-7ffc" simulationFunctionType="DEFAULT" style="TEXT_f;flip=false;mirror=false" value="Velocity&lt;br&gt; Matrix"><ScilabString as="exprs" binary="true" position="87"/><ScilabString as="realParameters" binary="true" position="88"/><mxGeometry as="geometry" height="40.0" width="40.0" x="330.0" y="110.0"/></TextBlock><TextBlock id="1d51248d:155bc265329:-7aa5" parent="367ef4a0:1559332651c:-7ffc" simulationFunctionType="DEFAULT" style="TEXT_f;flip=false;mirror=false" value="Position &lt;br&gt;Matrix"><ScilabString as="exprs" binary="true" position="89"/><ScilabString as="realParameters" binary="true" position="90"/><mxGeometry as="geometry" height="40.0" width="40.0" x="290.0" y="770.0"/></TextBlock><TextBlock id="1d51248d:155bc265329:-7a9d" parent="367ef4a0:1559332651c:-7ffc" simulationFunctionType="DEFAULT" style="TEXT_f;flip=false;mirror=false" value="Flocking &lt;br&gt;Distance"><ScilabString as="exprs" binary="true" position="91"/><ScilabString as="realParameters" binary="true" position="92"/><mxGeometry as="geometry" height="40.0" width="40.0" x="100.0" y="270.0"/></TextBlock><TextBlock id="-27356e1b:155f36cc7da:-7d3c" parent="367ef4a0:1559332651c:-7ffc" simulationFunctionType="DEFAULT" style="TEXT_f;flip=false;mirror=false" value="Agent&lt;br&gt;Number"><ScilabString as="exprs" binary="true" position="93"/><ScilabString as="realParameters" binary="true" position="94"/><mxGeometry as="geometry" height="40.0" width="40.0" x="100.0" y="210.0"/></TextBlock><TextBlock id="-27356e1b:155f36cc7da:-7d38" parent="367ef4a0:1559332651c:-7ffc" simulationFunctionType="DEFAULT" style="TEXT_f;flip=false;mirror=false" value="Velocity&lt;br&gt;Matrix"><ScilabString as="exprs" binary="true" position="95"/><ScilabString as="realParameters" binary="true" position="96"/><mxGeometry as="geometry" height="40.0" width="40.0" x="100.0" y="130.0"/></TextBlock><TextBlock id="-27356e1b:155f36cc7da:-7d34" parent="367ef4a0:1559332651c:-7ffc" simulationFunctionType="DEFAULT" style="TEXT_f;flip=false;mirror=false" value="Agent&lt;br&gt;Number"><ScilabString as="exprs" binary="true" position="97"/><ScilabString as="realParameters" binary="true" position="98"/><mxGeometry as="geometry" height="40.0" width="40.0" x="290.0" y="860.0"/></TextBlock><TextBlock id="-27356e1b:155f36cc7da:-7d31" parent="367ef4a0:1559332651c:-7ffc" simulationFunctionType="DEFAULT" style="TEXT_f;flip=false;mirror=false" value="Flocking &lt;br&gt;Distance"><ScilabString as="exprs" binary="true" position="99"/><ScilabString as="realParameters" binary="true" position="100"/><mxGeometry as="geometry" height="40.0" width="40.0" x="290.0" y="940.0"/></TextBlock><TextBlock id="-27356e1b:155f36cc7da:-7d2a" parent="367ef4a0:1559332651c:-7ffc" simulationFunctionType="DEFAULT" style="TEXT_f;flip=false;mirror=false" value="Position &lt;br&gt;Matrix"><ScilabString as="exprs" binary="true" position="101"/><ScilabString as="realParameters" binary="true" position="102"/><mxGeometry as="geometry" height="40.0" width="40.0" x="300.0" y="480.0"/></TextBlock><TextBlock id="-27356e1b:155f36cc7da:-7d29" parent="367ef4a0:1559332651c:-7ffc" simulationFunctionType="DEFAULT" style="TEXT_f;flip=false;mirror=false" value="Agent&lt;br&gt;Number"><ScilabString as="exprs" binary="true" position="103"/><ScilabString as="realParameters" binary="true" position="104"/><mxGeometry as="geometry" height="40.0" width="40.0" x="300.0" y="520.0"/></TextBlock><TextBlock id="-27356e1b:155f36cc7da:-7d28" parent="367ef4a0:1559332651c:-7ffc" simulationFunctionType="DEFAULT" style="TEXT_f;flip=false;mirror=false" value="Flocking &lt;br&gt;Distance"><ScilabString as="exprs" binary="true" position="105"/><ScilabString as="realParameters" binary="true" position="106"/><mxGeometry as="geometry" height="40.0" width="40.0" x="300.0" y="580.0"/></TextBlock><TextBlock id="-27356e1b:155f36cc7da:-7d1f" parent="367ef4a0:1559332651c:-7ffc" simulationFunctionType="DEFAULT" style="TEXT_f;flip=false;mirror=false" value="Flocking &lt;br&gt;Distance"><ScilabString as="exprs" binary="true" position="107"/><ScilabString as="realParameters" binary="true" position="108"/><mxGeometry as="geometry" height="40.0" width="40.0" x="330.0" y="250.0"/></TextBlock><BasicBlock blockType="d" id="-31133de6:155f38606c1:-788d" interfaceFunctionName="TOWS_c" ordering="15" parent="367ef4a0:1559332651c:-7ffc" simulationFunctionName="tows_c" simulationFunctionType="C_OR_FORTRAN" style="TOWS_c;flip=false;mirror=false"><ScilabString as="exprs" binary="true" position="109"/><ScilabDouble as="realParameters" binary="true" position="110"/><ScilabDouble as="integerParameters" binary="true" position="111"/><Array as="objectsParameters" binary="true" position="112"/><ScilabDouble as="nbZerosCrossing" binary="true" position="113"/><ScilabDouble as="nmode" binary="true" position="114"/><Array as="oDState" binary="true" position="115"/><Array as="equations" binary="true" position="116"/><mxGeometry as="geometry" height="40.0" width="80.0" x="1380.0" y="650.0"/></BasicBlock><ExplicitInputPort dataType="UNKNOW_TYPE" id="-31133de6:155f38606c1:-7878" ordering="1" parent="-31133de6:155f38606c1:-788d" style="ExplicitInputPort;align=left;verticalAlign=middle;spacing=10.0;rotation=0;flip=false;mirror=false" value=""><mxGeometry as="geometry" height="8.0" width="8.0" x="-8.0" y="16.0"/></ExplicitInputPort><ControlPort dataType="UNKNOW_TYPE" id="-31133de6:155f38606c1:-7877" ordering="1" parent="-31133de6:155f38606c1:-788d" style="ControlPort;align=center;verticalAlign=top;spacing=10.0;rotation=90;flip=false;mirror=false"><mxGeometry as="geometry" height="8.0" width="8.0" x="36.0" y="-8.0"/></ControlPort><ExplicitLink id="-31133de6:155f38606c1:-7539" parent="367ef4a0:1559332651c:-7ffc" source="-27356e1b:155f36cc7da:-787c" target="367ef4a0:1559332651c:-7e8e"><mxGeometry as="geometry"><Array as="points" binary="true" position="117"/></mxGeometry></ExplicitLink><ExplicitLink id="-31133de6:155f38606c1:-7538" parent="367ef4a0:1559332651c:-7ffc" source="1d51248d:155bc265329:-7d25" target="-7d316502:155fb01f010:-7dfe"><mxGeometry as="geometry"><Array as="points" binary="true" position="118"/></mxGeometry></ExplicitLink><ExplicitLink id="-31133de6:155f38606c1:-752d" parent="367ef4a0:1559332651c:-7ffc" source="-6244ac35:15598926694:-7ce1" target="-31133de6:155f38606c1:-7878"><mxGeometry as="geometry"><mxPoint as="sourcePoint" x="1170.0" y="590.0"/><mxPoint as="targetPoint" x="1390.0" y="590.0"/></mxGeometry></ExplicitLink><TextBlock id="-237020d2:155f5b67a22:-7c43" parent="367ef4a0:1559332651c:-7ffc" simulationFunctionType="DEFAULT" style="TEXT_f;flip=false;mirror=false"><mxGeometry as="geometry" height="40.0" width="40.0" x="350.0" y="860.0"/></TextBlock><SplitBlock id="-77177704:155f95f6d10:-7e60" ordering="16" parent="367ef4a0:1559332651c:-7ffc" simulationFunctionType="DEFAULT" style="SPLIT_f;flip=false;mirror=false"><mxGeometry as="geometry" height="7.0" width="7.0" x="267.0" y="147.0"/></SplitBlock><ExplicitInputPort dataType="UNKNOW_TYPE" id="-77177704:155f95f6d10:-7e5f" ordering="1" parent="-77177704:155f95f6d10:-7e60" style="ExplicitInputPort;align=left;verticalAlign=middle;spacing=10.0;rotation=0;flip=false;mirror=false" visible="0"><mxGeometry as="geometry" height="8.0" width="8.0" x="-8.0" y="-4.0"/></ExplicitInputPort><ExplicitOutputPort dataType="UNKNOW_TYPE" id="-77177704:155f95f6d10:-7e5e" ordering="1" parent="-77177704:155f95f6d10:-7e60" style="ExplicitOutputPort;align=right;verticalAlign=middle;spacing=10.0;rotation=0;flip=false;mirror=false" visible="0"><mxGeometry as="geometry" height="8.0" width="8.0" x="7.0" y="-4.0"/></ExplicitOutputPort><ExplicitOutputPort dataType="UNKNOW_TYPE" id="-77177704:155f95f6d10:-7e5d" ordering="2" parent="-77177704:155f95f6d10:-7e60" style="ExplicitOutputPort;align=right;verticalAlign=middle;spacing=10.0;rotation=0;flip=false;mirror=false" visible="0"><mxGeometry as="geometry" height="8.0" width="8.0" x="7.0" y="-4.0"/></ExplicitOutputPort><ExplicitLink id="-77177704:155f95f6d10:-7e5c" parent="367ef4a0:1559332651c:-7ffc" source="-31133de6:155f38606c1:-6f95" target="-77177704:155f95f6d10:-7e5f"><mxGeometry as="geometry"><Array as="points" binary="true" position="119"/></mxGeometry></ExplicitLink><ExplicitLink id="-77177704:155f95f6d10:-7e5b" parent="367ef4a0:1559332651c:-7ffc" source="-77177704:155f95f6d10:-7e5e" target="-7d316502:155fb01f010:-7dff"><mxGeometry as="geometry"><Array as="points" binary="true" position="120"/></mxGeometry></ExplicitLink><ExplicitLink id="-2dd73541:155f9c28ac5:-7c33" parent="367ef4a0:1559332651c:-7ffc" source="-7d316502:155fb01f010:-7df9" target="-6244ac35:15598926694:-7ce4"><mxGeometry as="geometry"><Array as="points" binary="true" position="121"/></mxGeometry></ExplicitLink><ExplicitLink id="-2dd73541:155f9c28ac5:-7c31" parent="367ef4a0:1559332651c:-7ffc" source="20195050:155f9fdb690:-7b3c" target="-6244ac35:15598926694:-7ce2"><mxGeometry as="geometry"><Array as="points" binary="true" position="122"/></mxGeometry></ExplicitLink><SplitBlock id="3322fb0f:155faa2a8bb:-7f23" ordering="19" parent="367ef4a0:1559332651c:-7ffc" simulationFunctionType="DEFAULT" style="SPLIT_f;flip=false;mirror=false"><mxGeometry as="geometry" height="7.0" width="7.0" x="267.0" y="657.0"/></SplitBlock><ExplicitInputPort dataType="UNKNOW_TYPE" id="3322fb0f:155faa2a8bb:-7f22" ordering="1" parent="3322fb0f:155faa2a8bb:-7f23" style="ExplicitInputPort;align=left;verticalAlign=middle;spacing=10.0;rotation=0;flip=false;mirror=false" visible="0"><mxGeometry as="geometry" height="8.0" width="8.0" x="-8.0" y="-4.0"/></ExplicitInputPort><ExplicitOutputPort dataType="UNKNOW_TYPE" id="3322fb0f:155faa2a8bb:-7f21" ordering="1" parent="3322fb0f:155faa2a8bb:-7f23" style="ExplicitOutputPort;align=right;verticalAlign=middle;spacing=10.0;rotation=0;flip=false;mirror=false" visible="0"><mxGeometry as="geometry" height="8.0" width="8.0" x="7.0" y="-4.0"/></ExplicitOutputPort><ExplicitOutputPort dataType="UNKNOW_TYPE" id="3322fb0f:155faa2a8bb:-7f20" ordering="2" parent="3322fb0f:155faa2a8bb:-7f23" style="ExplicitOutputPort;align=right;verticalAlign=middle;spacing=10.0;rotation=0;flip=false;mirror=false" visible="0"><mxGeometry as="geometry" height="8.0" width="8.0" x="7.0" y="-4.0"/></ExplicitOutputPort><ExplicitLink id="3322fb0f:155faa2a8bb:-7f1f" parent="367ef4a0:1559332651c:-7ffc" source="-77177704:155f95f6d10:-7e5d" target="3322fb0f:155faa2a8bb:-7f22"><mxGeometry as="geometry"><Array as="points" binary="true" position="123"/></mxGeometry></ExplicitLink><ExplicitLink id="3322fb0f:155faa2a8bb:-7f1e" parent="367ef4a0:1559332651c:-7ffc" source="3322fb0f:155faa2a8bb:-7f21" target="20195050:155f9fdb690:-7b41"><mxGeometry as="geometry"><Array as="points" binary="true" position="124"/></mxGeometry></ExplicitLink><ExplicitLink id="3322fb0f:155faa2a8bb:-7f24" parent="367ef4a0:1559332651c:-7ffc" source="3322fb0f:155faa2a8bb:-7f20" target="-1bba7e2d:155fb0efe33:-7e9e"><mxGeometry as="geometry"><mxPoint as="sourcePoint" x="380.0" y="660.0"/><mxPoint as="targetPoint" x="280.0" y="660.0"/></mxGeometry></ExplicitLink><CommandControlLink id="-66224ea3:155fb1e9071:-7f45" parent="367ef4a0:1559332651c:-7ffc" source="367ef4a0:1559332651c:-7e34" target="-31133de6:155f38606c1:-7877"><mxGeometry as="geometry"><mxPoint as="sourcePoint" x="1420.0" y="420.0"/><mxPoint as="targetPoint" x="1420.0" y="650.0"/></mxGeometry></CommandControlLink><BasicBlock blockType="d" id="75e0fe7b:1560a298eb9:-7f65" interfaceFunctionName="CONST_m" ordering="6" parent="367ef4a0:1559332651c:-7ffc" simulationFunctionName="cstblk4_m" simulationFunctionType="C_OR_FORTRAN" style="CONST_m;flip=false;mirror=false"><ScilabString as="exprs" binary="true" position="125"/><ScilabDouble as="realParameters" binary="true" position="126"/><ScilabDouble as="integerParameters" binary="true" position="127"/><Array as="objectsParameters" binary="true" position="128"/><ScilabDouble as="nbZerosCrossing" binary="true" position="129"/><ScilabDouble as="nmode" binary="true" position="130"/><Array as="oDState" binary="true" position="131"/><Array as="equations" binary="true" position="132"/><mxGeometry as="geometry" height="40.0" width="80.0" x="860.0" y="540.0"/></BasicBlock><ExplicitOutputPort dataColumns="2" dataLines="1" dataType="REAL_MATRIX" id="75e0fe7b:1560a298eb9:-7f5d" ordering="1" parent="75e0fe7b:1560a298eb9:-7f65" style="ExplicitOutputPort;align=right;verticalAlign=middle;spacing=10.0;rotation=0;flip=false;mirror=false" value=""><mxGeometry as="geometry" height="8.0" width="8.0" x="80.0" y="16.0"/></ExplicitOutputPort><ExplicitLink id="2c772ee6:15612708a77:-7cda" parent="367ef4a0:1559332651c:-7ffc" source="-1bba7e2d:155fb0efe33:-7e99" target="-6244ac35:15598926694:-7ce3"><mxGeometry as="geometry"><mxPoint as="sourcePoint" x="500.0" y="670.0"/><mxPoint as="targetPoint" x="1130.0" y="690.0"/></mxGeometry></ExplicitLink></root></mxGraphModel><mxCell as="defaultParent" id="367ef4a0:1559332651c:-7ffc" parent="367ef4a0:1559332651c:-7ffb"/></XcosDiagram>